"","1","2","3","4","selection","Sample.ID","Cluster","Probability_selection"
"DI18R03p08.A01",0.0135036350722415,2.44636081118632e-23,0.986496364927758,8.60214218449207e-39,3,"S004-13","B",0.986496364927758
"DI18R03p08.A02",0.999977566991422,6.33524573274566e-31,2.24330085775976e-05,5.52413227402752e-47,1,"S006-44","A",0.999977566991422
"DI18R03p08.A03",0.999646596341646,4.58226398958991e-28,0.00035340365835415,3.05765504790719e-49,1,"S006-43","A",0.999646596341646
"DI18R03p08.A04",3.75605404818208e-31,0.999999999999999,1.0743368495402e-15,5.29650130525453e-29,2,"S009-215","C",0.999999999999999
"DI18R03p08.A05",0.999091251121757,2.41903848393065e-29,0.000908748878243267,4.26822991406109e-47,1,"S010-9","A",0.999091251121757
"DI18R03p08.B01",0.95047347426933,9.80994640730478e-21,0.0495265257306699,8.24093303089072e-39,1,"S009-100","A",0.95047347426933
"DI18R03p08.B02",1.82013731090197e-53,2.24955256602589e-35,4.76805892708756e-36,1,4,"S011-22","D",1
"DI18R03p08.B03",4.47524133212302e-21,0.998342719909069,0.00165728009044972,4.81022475405851e-13,2,"S006-84","C",0.998342719909069
"DI18R03p08.B04",6.35854389641663e-10,5.26648196378891e-19,0.999999999364146,3.03513650155505e-43,3,"S010-103","B",0.999999999364146
"DI18R03p08.B05",0.999998179775768,3.81861723475666e-33,1.8202242319081e-06,9.05110341701151e-51,1,"S009-16","A",0.999998179775768
"DI18R03p08.C01",1.42937506879784e-05,7.51124934930406e-09,0.999985698738063,4.08344668628382e-19,3,"S003-101","B",0.999985698738063
"DI18R03p08.C03",5.89653355351033e-25,0.99999999987362,1.26380004329575e-10,6.69518650486199e-20,2,"S010-141","C",0.99999999987362
"DI18R03p08.C04",1.36055021360508e-43,5.66974503773021e-25,8.34953931865239e-30,1,4,"S011-16","D",1
"DI18R03p08.D01",2.06809433184075e-35,1,3.3960956847739e-18,4.67994226891742e-22,2,"S009-192","C",1
"DI18R03p08.D02",0.000126597429409376,5.61388779494192e-09,0.999873396956703,5.3353431139737e-19,3,"S003-72","B",0.999873396956703
"DI18R03p08.D03",0.993419414692826,6.181974435703e-29,0.00658058530717395,2.47252998198902e-47,1,"S010-38","A",0.993419414692826
"DI18R03p08.D04",6.64120967800113e-56,4.33993791650685e-10,1.25366068558781e-30,0.999999999566006,4,"S011-56","D",0.999999999566006
"DI18R03p08.E01",1.39716565834553e-13,0.999972266255138,2.77337447223786e-05,3.21126610989909e-18,2,"S006-136","C",0.999972266255138
"DI18R03p08.E02",4.76266508129779e-05,4.2944486425283e-27,0.999952373349187,7.78831026401038e-45,3,"S004-52","B",0.999952373349187
"DI18R03p08.E03",1.02552082017159e-07,2.87535041905732e-14,0.999999897447889,3.74715907950429e-35,3,"S009-123","B",0.999999897447889
"DI18R03p08.E04",6.76839293692194e-21,0.999725599162298,0.00027440083770187,1.04958457878195e-31,2,"S004-194","C",0.999725599162298
"DI18R03p08.F02",0.000208781107933349,1.03920066428953e-07,0.999791114972,1.19565589216449e-33,3,"S007-72","B",0.999791114972
"DI18R03p08.F03",9.9510879050767e-05,4.33121751885876e-26,0.999900489120949,3.377941430479e-44,3,"S004-61","B",0.999900489120949
"DI18R03p08.F04",8.3810818248864e-05,1.27737863060575e-08,0.9999161764078,1.6507120372286e-13,3,"S006-64","B",0.9999161764078
"DI18R03p08.F12",6.61140804610065e-42,1,2.23490562676233e-22,1.50060685404551e-20,2,"S006-176","C",1
"DI18R03p08.G01",3.18855602482183e-22,0.999999927102807,7.28971925195488e-08,1.68973481251881e-17,2,"S007-88","C",0.999999927102807
"DI18R03p08.G02",0.99999978938892,4.8555074692704e-30,2.10611080281444e-07,5.78310232074742e-55,1,"S005-26","A",0.99999978938892
"DI18R03p08.G03",3.7542391483861e-31,0.999999999999999,1.23687799457939e-15,1.75221023558716e-23,2,"S006-186","C",0.999999999999999
"DI18R03p08.G04",0.999953989756199,6.99976597306527e-25,4.60102438009817e-05,1.82099428504674e-47,1,"S005-43","A",0.999953989756199
"DI18R03p08.G12",0.197783852718864,3.65105187279497e-21,0.802216147281136,7.83995862575942e-44,3,"S005-106","B",0.802216147281136
"DI18R03p08.H01",0.999999999949855,5.82557463874691e-32,5.01448155655757e-11,1.19452686431735e-66,1,"S003-6","A",0.999999999949855
"DI18R03p08.H02",5.77038262639883e-36,0.999999999999948,3.71632548291071e-14,1.48050752568654e-14,2,"S006-148","C",0.999999999999948
"DI18R03p08.H03",2.75250606824177e-20,0.0842828813190544,0.915717118678987,1.95903966292404e-12,3,"S006-76","B",0.915717118678987
"DI18R03p08.H04",0.997742615186837,1.89754173876186e-22,0.00225738481316333,2.42213949123894e-43,1,"S005-69","A",0.997742615186837
"DI18R06p07.A01",0.000960382440921946,1.13625064702524e-06,0.999038481308431,1.14694574842263e-18,3,"S003-99","B",0.999038481308431
"DI18R06p07.A02",0.896240629742661,4.79817861905832e-19,0.103759370257339,4.43316232399567e-41,1,"S005-76","A",0.896240629742661
"DI18R06p07.A03",1.32617210078047e-06,8.75741168281201e-24,0.999998673827899,6.19004579276989e-48,3,"S004-113","B",0.999998673827899
"DI18R06p07.A04",2.69650935540344e-09,3.5901835909546e-06,0.9999964071199,1.23716475133866e-18,3,"S006-74","B",0.9999964071199
"DI18R06p07.A05",0.999047873663566,2.6786597559288e-27,0.000952126336434198,7.3180339116345e-46,1,"S009-61","A",0.999047873663566
"DI18R06p07.A06",0.999989188492325,1.23520120811875e-25,1.08115076750379e-05,1.55905975752952e-49,1,"S005-39","A",0.999989188492325
"DI18R06p07.A07",4.41668112244345e-21,0.99999862441951,1.37558049014615e-06,1.29926542985862e-22,2,"S003-164","C",0.99999862441951
"DI18R06p07.A08",2.76462201428173e-54,1.25622079625721e-34,2.3549566110534e-36,1,4,"S011-29","D",1
"DI18R06p07.A09",6.47364909586631e-14,0.836873881674623,0.163126118325312,6.17051567487766e-16,2,"S009-159","C",0.836873881674623
"DI18R06p07.A10",5.54476852422027e-37,1,1.2364566130612e-18,8.89105558464648e-30,2,"S007-128","C",1
"DI18R06p07.A11",4.42868959819005e-17,0.0811090524136597,0.918890947572271,1.40696745232581e-11,3,"S006-81","B",0.918890947572271
"DI18R06p07.A12",2.41859920398604e-10,1.25942427618076e-10,0.999999999632198,3.50081990108915e-27,3,"S009-116","B",0.999999999632198
"DI18R06p07.B01",0.000323745410893997,1.52344868570461e-07,0.999676102244237,6.35227023851332e-20,3,"S003-110","B",0.999676102244237
"DI18R06p07.B02",2.77015483624464e-43,3.43748751422271e-25,2.79904575318396e-29,1,4,"S011-15","D",1
"DI18R06p07.B03",0.999999999996408,3.18965445675951e-35,3.59229512853488e-12,1.00994139678256e-69,1,"S007-4","A",0.999999999996408
"DI18R06p07.B04",1.04137191623561e-53,1.86689946651732e-10,6.47093151027856e-28,0.99999999981331,4,"S011-79","D",0.99999999981331
"DI18R06p07.B05",4.93726261235053e-52,1.48710091773246e-35,5.6774505625788e-33,1,4,"S011-25","D",1
"DI18R06p07.B06",5.86565692315753e-10,1.69112340054885e-08,0.999933272981121,6.67095210796312e-05,3,"S011-4","B",0.999933272981121
"DI18R06p07.B07",6.52006880302419e-16,0.999943087744299,5.69122557000907e-05,1.5962716046526e-21,2,"S003-166","C",0.999943087744299
"DI18R06p07.B08",4.69305964779622e-07,0.00169244493036808,0.998307085763666,1.3053688099908e-15,3,"S003-122","B",0.998307085763666
"DI18R06p07.B09",3.55072072389667e-13,5.2287945753933e-22,0.999999999999645,2.28363184373424e-38,3,"S004-116","B",0.999999999999645
"DI18R06p07.B10",0.999871152323333,1.42849645107849e-28,0.000128847676667027,1.95124620922544e-47,1,"S010-15","A",0.999871152323333
"DI18R06p07.B11",1.93247437705551e-12,2.76701894205978e-05,0.999972329808647,4.0225807119157e-25,3,"S007-61","B",0.999972329808647
"DI18R06p07.B12",3.05450240760712e-47,1,9.44455498120768e-24,9.05805772807122e-29,2,"S007-131","C",1
"DI18R06p07.C01",0.999999902566769,1.38299541492009e-32,9.74332308415604e-08,5.64669015728031e-57,1,"S005-19","A",0.999999902566769
"DI18R06p07.C03",0.999643742246768,3.36660727028402e-25,0.000356257753231973,3.92477125514729e-46,1,"S005-50","A",0.999643742246768
"DI18R06p07.C04",0.999217380215252,5.11245286777606e-26,0.000782619784748215,3.25467670989431e-47,1,"S007-31","A",0.999217380215252
"DI18R06p07.C05",0.996946605269071,1.06862366125261e-21,0.0030533947309291,2.55677706465816e-45,1,"S005-63","A",0.996946605269071
"DI18R06p07.C06",0.000159512696094768,2.40328073145531e-09,0.999840484900624,2.70885626906731e-18,3,"S003-64","B",0.999840484900624
"DI18R06p07.C07",1.66350051505869e-54,8.90255981783401e-10,7.8185765443548e-27,0.999999999109744,4,"S011-63","D",0.999999999109744
"DI18R06p07.C08",0.950682263849607,1.99483219327521e-24,0.0493177361503933,2.29499926950528e-40,1,"S006-47","A",0.950682263849607
"DI18R06p07.C09",0.965109284416562,1.51581844766408e-22,0.0348907155834379,3.13209124164404e-43,1,"S007-50","A",0.965109284416562
"DI18R06p07.C10",0.000181773498000177,7.81539825887977e-27,0.999818226502,4.97018464934832e-47,3,"S004-26","B",0.999818226502
"DI18R06p07.C11",0.999999999993162,5.24103766728458e-31,6.83758895303152e-12,8.74523568548503e-72,1,"S004-122","A",0.999999999993162
"DI18R06p07.C12",0.996572388896905,5.02872921460251e-18,0.0034276111030955,2.16333832642744e-29,1,"S010-64","A",0.996572388896905
"DI18R06p07.D01",1.56053859144089e-19,0.999999999957875,4.2124665213972e-11,1.34318963410265e-22,2,"S005-180","C",0.999999999957875
"DI18R06p07.D02",5.9335272600102e-10,2.73664745052297e-07,0.999999725741715,1.87262069726555e-13,3,"S010-93","B",0.999999725741715
"DI18R06p07.D03",1.71893681691471e-53,4.09641728349135e-35,4.54225424243852e-34,1,4,"S011-23","D",1
"DI18R06p07.D04",1.61128530143734e-10,0.00289106898549542,0.997108930853374,1.76348286286813e-15,3,"S010-98","B",0.997108930853374
"DI18R06p07.D05",0.990509151324547,3.14903413739159e-26,0.00949084867545355,2.18815609977654e-45,1,"S004-7","A",0.990509151324547
"DI18R06p07.D07",1.15893983365545e-20,0.999999603392879,3.96607120687481e-07,8.63167918937613e-21,2,"S003-179","C",0.999999603392879
"DI18R06p07.D08",0.000429732143568126,1.99617874010583e-27,0.999570267856432,1.23673984492099e-44,3,"S004-49","B",0.999570267856432
"DI18R06p07.D09",0.999559368437257,4.92144543107626e-22,0.000440631562743164,4.93366185134189e-43,1,"S007-24","A",0.999559368437257
"DI18R06p07.D10",5.71608548423085e-39,1,7.37834438718981e-22,2.6472698752803e-26,2,"S010-168","C",1
"DI18R06p07.D11",2.18992510354843e-12,0.842822661387587,0.157177338610134,8.88507436588958e-14,2,"S006-96","C",0.842822661387587
"DI18R06p07.D12",2.97434806769319e-38,2.17656871829921e-23,1.1723204778806e-22,1,4,"S011-28","D",1
"DI18R06p07.E01",7.73437446309248e-29,0.999999999999998,2.03567129075616e-15,2.20207791667465e-30,2,"S004-230","C",0.999999999999998
"DI18R06p07.E02",1.04520679204018e-09,0.999887271837506,0.000112727117287269,1.29251901634316e-16,2,"S005-182","C",0.999887271837506
"DI18R06p07.E03",3.49239436931234e-28,0.999999983819395,1.6180605401932e-08,1.74711710424094e-18,2,"S007-90","C",0.999999983819395
"DI18R06p07.E04",2.66063248093608e-05,1.80540705495605e-24,0.999973393675191,2.67399790944614e-42,3,"S004-98","B",0.999973393675191
"DI18R06p07.E06",1.92913220767005e-08,1.57818616830311e-09,0.999999921762225,5.73682665942948e-08,3,"S011-5","B",0.999999921762225
"DI18R06p07.E07",0.999999999996127,3.94650679460214e-36,3.87257811548114e-12,5.26811211221548e-71,1,"S006-1","A",0.999999999996127
"DI18R06p07.E08",0.999995303164665,1.03525888302887e-31,4.69683533478915e-06,1.20386582768494e-49,1,"S005-25","A",0.999995303164665
"DI18R06p07.E09",8.81476150576165e-24,0.999999999830982,1.69018004500833e-10,5.25227451945321e-18,2,"S010-139","C",0.999999999830982
"DI18R06p07.E10",2.02280531035915e-11,0.99921051257233,0.000789487407441945,2.34288493891099e-17,2,"S003-141","C",0.99921051257233
"DI18R06p07.E11",0.917395195122078,6.92644472561883e-20,0.0826048048779222,1.55591158285549e-33,1,"S006-49","A",0.917395195122078
"DI18R06p07.E12",5.97236218682438e-10,1.03571473752969e-09,0.999999998367049,1.00958584233023e-25,3,"S009-125","B",0.999999998367049
"DI18R06p07.F01",1.1984412100149e-09,0.999985279758305,1.47190432537366e-05,1.37155868785179e-26,2,"S003-162","C",0.999985279758305
"DI18R06p07.F02",2.11460127872724e-24,0.999984478148263,1.55218517366922e-05,2.12705099957074e-22,2,"S004-178","C",0.999984478148263
"DI18R06p07.F03",2.57216000037309e-29,0.999999999999646,5.28003660922127e-16,3.53238311684056e-13,2,"S011-93","C",0.999999999999646
"DI18R06p07.F04",0.0702678326531509,3.54013068270716e-26,0.929732167346849,1.64369584397804e-42,3,"S004-106","B",0.929732167346849
"DI18R06p07.F05",0.0480693585386092,3.2228885370189e-13,0.951930641461069,1.61808220951673e-40,3,"S005-101","B",0.951930641461069
"DI18R06p07.F06",0.999999999997428,1.90186075347544e-34,2.57212486076126e-12,1.82989777417013e-71,1,"S003-1","A",0.999999999997428
"DI18R06p07.F07",1.09651660315445e-28,0.999999999987188,1.2812438941348e-11,1.34212838763953e-27,2,"S009-201","C",0.999999999987188
"DI18R06p07.F08",0.99999999536228,1.06139685848217e-30,4.63771955608874e-09,1.51561088919115e-61,1,"S009-8","A",0.99999999536228
"DI18R06p07.F09",7.27353854096988e-19,0.999999408279611,5.91720388922153e-07,8.84008425561656e-18,2,"S005-199","C",0.999999408279611
"DI18R06p07.F10",2.03881954091672e-09,0.00326897847162352,0.99673101948936,1.96514025807119e-13,3,"S003-133","B",0.99673101948936
"DI18R06p07.F11",4.72552010286539e-44,1,7.39163916959092e-22,1.59182617045346e-23,2,"S007-130","C",1
"DI18R06p07.G01",0.00018662806142914,3.70465730597582e-23,0.999813371938571,2.01837320719648e-45,3,"S004-102","B",0.999813371938571
"DI18R06p07.G02",0.999750105704888,2.48628216920196e-27,0.000249894295111573,3.32796856517392e-47,1,"S006-20","A",0.999750105704888
"DI18R06p07.G03",1.34425753058833e-12,8.79688668062544e-08,0.999999912029789,8.94402718306692e-29,3,"S007-86","B",0.999999912029789
"DI18R06p07.G04",0.999997661372491,1.13378700818643e-34,2.33862750905897e-06,5.23147072477686e-50,1,"S005-12","A",0.999997661372491
"DI18R06p07.G05",1.44046498898702e-18,0.99999822744222,1.77255777952809e-06,2.42821905348401e-18,2,"S010-123","C",0.99999822744222
"DI18R06p07.G06",3.68145087429408e-20,0.999968076713509,3.19232864909955e-05,7.10016600454456e-21,2,"S007-74","C",0.999968076713509
"DI18R06p07.G07",0.999999999988273,1.86564470328648e-32,1.17271001299276e-11,7.11405073346543e-69,1,"S006-13","A",0.999999999988273
"DI18R06p07.G08",1.96469626867393e-21,0.99999999873655,1.26345035766663e-09,3.87429043730136e-24,2,"S010-136","C",0.99999999873655
"DI18R06p07.G09",6.73716753775659e-46,3.76583893318207e-29,4.82014304380607e-31,1,4,"S011-11","D",1
"DI18R06p07.G10",0.999988746802228,2.51020839081709e-19,1.12531977723559e-05,5.09801762922543e-54,1,"S007-2","A",0.999988746802228
"DI18R06p07.G11",5.45365528885714e-52,2.63237470633339e-33,2.0821898928867e-34,1,4,"S011-20","D",1
"DI18R06p07.H01",5.19596008250401e-05,9.45729423073564e-27,0.999948040399175,2.72888487859513e-47,3,"S004-38","B",0.999948040399175
"DI18R06p07.H02",1.82831203736633e-28,0.999999999996756,3.24389950153379e-12,7.32955490819199e-24,2,"S010-133","C",0.999999999996756
"DI18R06p07.H03",0.00071243214313979,2.88600055417695e-27,0.99928756785686,3.31561431249181e-44,3,"S004-72","B",0.99928756785686
"DI18R06p07.H04",2.34544827077713e-48,4.40263538710628e-10,1.91827352371101e-26,0.999999999559737,4,"S011-97","D",0.999999999559737
"DI18R06p07.H05",2.06565629788711e-43,1,4.22532706432616e-21,4.70960037973377e-25,2,"S007-129","C",1
"DI18R06p07.H06",1.05201614117202e-35,0.99999999999998,2.00329528482269e-14,5.82427519652754e-20,2,"S004-208","C",0.99999999999998
"DI18R06p07.H07",3.41825061849507e-18,0.999999966797782,3.32022180734317e-08,1.6363316014045e-20,2,"S005-177","C",0.999999966797782
"DI18R06p07.H08",1.04948964872926e-07,0.00696417208291815,0.993035722968117,3.05496009548887e-21,3,"S004-162","B",0.993035722968117
"DI18R06p07.H09",2.57500887022845e-21,0.999999999970709,2.92912091586254e-11,3.38806765593388e-26,2,"S009-195","C",0.999999999970709
"DI18R06p07.H10",0.982692977935921,5.68449093566917e-15,0.0173070220640731,6.66062320164098e-52,1,"S005-126","A",0.982692977935921
"DI18R06p07.H11",0.428091388430124,2.51710894837092e-29,0.571908611569876,2.3125993017245e-43,3,"S004-56","B",0.571908611569876
"DI18R07p09.A01",2.72555607105415e-49,6.78507904882429e-32,2.19468763386246e-33,1,4,"S011-21","D",1
"DI18R07p09.A02",0.99916318608075,1.68791154753717e-27,0.000836813919250224,5.48394417020093e-46,1,"S010-21","A",0.99916318608075
"DI18R07p09.A03",0.000305327584578439,1.3408630613507e-06,0.99969333155236,1.49029299785997e-16,3,"S003-92","B",0.99969333155236
"DI18R07p09.A04",4.4078370603246e-33,0.999999999997864,2.13632360559688e-12,7.25502116945838e-31,2,"S009-181","C",0.999999999997864
"DI18R07p09.A05",0.999999999998771,2.95327605003959e-36,1.22919161244603e-12,1.74981159354172e-72,1,"S006-7","A",0.999999999998771
"DI18R07p09.A06",2.65933759890234e-27,0.999999999999518,4.82249284308105e-13,3.99013216997427e-17,2,"S010-144","C",0.999999999999518
"DI18R07p09.A07",0.000360175478888605,1.24361505034957e-10,0.99963982439675,3.45632378335807e-39,3,"S006-124","B",0.99963982439675
"DI18R07p09.A08",0.993398616337706,8.14363226018514e-27,0.00660138366229446,2.73868901036202e-47,1,"S009-104","A",0.993398616337706
"DI18R07p09.A09",2.26972504409769e-08,1.49408198883926e-08,0.99999996236193,3.13876479734231e-18,3,"S010-95","B",0.99999996236193
"DI18R07p09.A11",1.23307112572574e-35,2.00990699586355e-14,1.04239035532682e-18,0.99999999999998,4,"S011-1","D",0.99999999999998
"DI18R07p09.A12",1.18587762840461e-49,5.63344810045921e-36,2.99260189844513e-32,1,4,"S011-26","D",1
"DI18R07p09.B01",0.00117863267340302,7.07396229734579e-27,0.998821367326597,9.08728142497484e-46,3,"S004-96","B",0.998821367326597
"DI18R07p09.B02",1.13449574553241e-32,0.999999999996878,3.12230111331975e-12,5.63351917500296e-20,2,"S007-118","C",0.999999999996878
"DI18R07p09.B03",0.998149927789752,7.26498437157436e-26,0.00185007221024778,4.59056756840734e-48,1,"S007-48","A",0.998149927789752
"DI18R07p09.B04",0.997982710204251,2.09474948064516e-25,0.0020172897957488,3.48417738235056e-44,1,"S009-74","A",0.997982710204251
"DI18R07p09.B05",2.00960468005904e-16,0.999990195148865,9.80485113465541e-06,3.78757317607535e-23,2,"S003-142","C",0.999990195148865
"DI18R07p09.B06",1.36858174302744e-08,7.4122524070851e-10,0.999999985572957,1.02027150183462e-22,3,"S006-66","B",0.999999985572957
"DI18R07p09.B07",0.00252701871137942,1.08867679141197e-11,0.997472981277734,4.54029816138836e-20,3,"S003-43","B",0.997472981277734
"DI18R07p09.B08",3.24809451666198e-07,1.49992624405406e-05,0.999984675928108,1.68834241979225e-19,3,"S003-114","B",0.999984675928108
"DI18R07p09.B09",0.892683502759435,3.66371980187012e-20,0.107316497240565,1.03357057911069e-39,1,"S009-95","A",0.892683502759435
"DI18R07p09.B10",0.999999999564232,2.65983191760562e-31,4.35767660721665e-10,6.34995079793461e-66,1,"S009-4","A",0.999999999564232
"DI18R07p09.B11",0.999999999998736,7.39484614309463e-33,1.26433524511486e-12,7.62500669803053e-69,1,"S007-13","A",0.999999999998736
"DI18R07p09.B12",4.06851830486628e-25,4.54568829422249e-13,5.64502036620859e-14,0.999999999999489,4,"S011-2","D",0.999999999999489
"DI18R07p09.C01",5.83975479275551e-19,0.999729026030714,0.000270973969264924,2.13966244521618e-14,2,"S006-92","C",0.999729026030714
"DI18R07p09.C03",0.988994969843506,5.86843714552887e-25,0.0110050301564943,7.12900492150899e-48,1,"S007-60","A",0.988994969843506
"DI18R07p09.C04",0.997927226612304,6.72949598121188e-27,0.00207277338769553,1.03467557206848e-47,1,"S010-29","A",0.997927226612304
"DI18R07p09.C05",5.5511185141065e-05,1.05863812870156e-08,0.999944478228478,1.69676965221716e-17,3,"S003-80","B",0.999944478228478
"DI18R07p09.C06",0.999999987670586,1.92933311967001e-27,1.23294135356581e-08,1.51946113238751e-64,1,"S004-124","A",0.999999987670586
"DI18R07p09.C07",6.47727900239225e-06,0.989740784397641,0.010252738323357,2.77584674910322e-30,2,"S007-71","C",0.989740784397641
"DI18R07p09.C08",7.3556982705857e-49,6.26842765338439e-26,1.69068823508865e-30,1,4,"S011-12","D",1
"DI18R07p09.C09",4.99584156041391e-51,6.26862486151638e-35,1.33580376574745e-35,1,4,"S011-19","D",1
"DI18R07p09.C10",1.54888249300958e-08,4.08260964059474e-15,0.999999984511171,6.16796364131132e-44,3,"S009-185","B",0.999999984511171
"DI18R07p09.C11",7.62359373063495e-49,1,1.0822898520018e-28,8.66284659508579e-18,2,"S006-183","C",1
"DI18R07p09.C12",1.48303875102446e-12,6.63212486727626e-09,0.999999993366392,6.33875865823121e-26,3,"S009-119","B",0.999999993366392
"DI18R07p09.D01",0.999998540328236,3.14139291543392e-33,1.45967176352286e-06,1.07372326717099e-50,1,"S009-12","A",0.999998540328236
"DI18R07p09.D02",4.56270032231078e-45,0.000578727899494187,5.24291176523139e-22,0.999421272100506,4,"S011-87","D",0.999421272100506
"DI18R07p09.D03",0.000232127343797102,2.74465283457263e-06,0.999765128003368,1.55812932983578e-16,3,"S003-88","B",0.999765128003368
"DI18R07p09.D04",3.35888971748997e-46,2.02233174552201e-05,4.50727246325001e-22,0.999979776682545,4,"S011-74","D",0.999979776682545
"DI18R07p09.D05",2.82311755577651e-33,0.999999999999822,1.77481740754759e-13,3.81586013143798e-16,2,"S006-151","C",0.999999999999822
"DI18R07p09.D07",0.994412543110477,5.24182062321449e-15,0.00558745688951728,1.17774730397669e-19,1,"S004-3","A",0.994412543110477
"DI18R07p09.D08",0.999829609729594,2.96402669266602e-27,0.000170390270405544,1.11490725552789e-42,1,"S009-76","A",0.999829609729594
"DI18R07p09.D09",0.00515714792985691,1.59231648550671e-11,0.99484285205422,1.59002647620754e-42,3,"S005-108","B",0.99484285205422
"DI18R07p09.D10",0.821120175540443,2.90742973857226e-10,0.178879824168814,9.81139538994969e-20,1,"S010-84","A",0.821120175540443
"DI18R07p09.D11",0.996604629650624,2.2941414836259e-18,0.00339537034937621,2.39098755273409e-31,1,"S010-50","A",0.996604629650624
"DI18R07p09.D12",1.18990774995699e-06,2.15552083657888e-05,0.999977254883884,7.18744208095726e-29,3,"S006-111","B",0.999977254883884
"DI18R07p09.E02",2.06121181386113e-46,1,9.59689561962861e-25,3.1665079681584e-17,2,"S006-162","C",1
"DI18R07p09.E03",0.968464907885521,4.82649567835025e-25,0.0315350921144793,1.93484320584048e-42,1,"S005-56","A",0.968464907885521
"DI18R07p09.E04",1.64427897304383e-09,1.45272648798726e-23,0.999999998355721,7.00539124809718e-47,3,"S004-112","B",0.999999998355721
"DI18R07p09.E05",0.970763129100437,1.19059214601152e-14,0.0292368708995507,2.11700603821255e-19,1,"S010-3","A",0.970763129100437
"DI18R07p09.E06",2.25717650724899e-07,1.00836354690842e-09,0.999999773273986,3.5480043582807e-22,3,"S010-88","B",0.999999773273986
"DI18R07p09.E07",6.3119092503268e-32,0.999999999999944,5.61989583391044e-14,3.91230572863722e-29,2,"S009-182","C",0.999999999999944
"DI18R07p09.E08",9.44150078918774e-46,1.39023208701853e-30,3.34874122096002e-32,1,4,"S011-18","D",1
"DI18R07p09.E09",1.92356161701509e-24,0.999999999992771,7.22896986391661e-12,2.60054998193926e-22,2,"S010-146","C",0.999999999992771
"DI18R07p09.E10",0.997883186944793,6.35245799461608e-29,0.00211681305520644,4.18912324285794e-46,1,"S005-66","A",0.997883186944793
"DI18R07p09.E11",6.21610849805319e-47,1,3.8332985483614e-26,6.70595916256763e-17,2,"S006-184","C",1
"DI18R07p09.E12",0.000206617171534134,1.42686134090758e-08,0.999793368559852,1.09782499957533e-26,3,"S010-86","B",0.999793368559852
"DI18R07p09.F01",1.78496114763708e-12,0.966858792537006,0.0331412074612089,5.312281624584e-22,2,"S007-73","C",0.966858792537006
"DI18R07p09.F03",1.43261217477875e-05,2.81259457871201e-12,0.99998567387544,3.47778469863088e-36,3,"S005-105","B",0.99998567387544
"DI18R07p09.F04",7.46785097460004e-14,2.42709889940718e-07,0.999999757290035,4.63192008746088e-27,3,"S004-153","B",0.999999757290035
"DI18R07p09.F05",0.939012141133769,6.31073159379178e-14,0.0609878588661684,4.12204914739579e-26,1,"S010-57","A",0.939012141133769
"DI18R07p09.F06",0.990909346447453,7.34154522967365e-22,0.00909065355254695,1.03402164162936e-42,1,"S009-90","A",0.990909346447453
"DI18R07p09.F07",1.3754803953736e-17,0.00945222690723909,0.990547773045569,4.71917076752279e-11,3,"S006-78","B",0.990547773045569
"DI18R07p09.F08",0.999999999999464,3.50676366359323e-36,5.35658878641754e-13,1.46243950318931e-72,1,"S006-10","A",0.999999999999464
"DI18R07p09.F09",1.46614801027593e-49,2.67319630445196e-31,2.70841690741546e-34,1,4,"S011-13","D",1
"DI18R07p09.F10",1.12806591898173e-14,0.999999800622433,1.99377555414263e-07,1.12807367977023e-23,2,"S006-128","C",0.999999800622433
"DI18R07p09.F11",0.98850358189481,0.00033492640933903,0.0111614916958511,9.30002407053866e-29,1,"S003-128","A",0.98850358189481
"DI18R07p09.F12",6.35545598728806e-08,0.000234236770322777,0.999765699675109,8.87416394262616e-15,3,"S003-105","B",0.999765699675109
"DI18R07p09.G01",9.66675517102847e-23,0.99999999956433,4.35670327923265e-10,1.79930166573056e-19,2,"S003-195","C",0.99999999956433
"DI18R07p09.G02",0.99999868102724,6.37663581976609e-34,1.3189727601651e-06,2.46086533797113e-51,1,"S009-21","A",0.99999868102724
"DI18R07p09.G03",0.000871851923440791,6.53302720818050e-09,0.999128141543532,3.41915348736313e-21,3,"S003-60","B",0.999128141543532
"DI18R07p09.G04",7.87465098046885e-07,4.18652851074976e-16,0.999999212534902,6.43414645699375e-41,3,"S004-121","B",0.999999212534902
"DI18R07p09.G05",2.63846001733359e-06,2.66361855277584e-24,0.999997361539983,6.11391734931457e-47,3,"S004-107","B",0.999997361539983
"DI18R07p09.G06",0.992182831691835,5.88448788572798e-22,0.00781716830816471,6.22931095652295e-42,1,"S009-89","A",0.992182831691835
"DI18R07p09.G07",1.61185696956518e-48,7.9717681479331e-32,1.29104812155757e-31,1,4,"S011-38","D",1
"DI18R07p09.G08",9.91409489945689e-51,8.3251590718155e-32,1.99437935477389e-33,1,4,"S011-30","D",1
"DI18R07p09.G09",9.25529642354059e-12,3.84607366860245e-22,0.999999999990745,2.02952281491736e-36,3,"S004-117","B",0.999999999990745
"DI18R07p09.G10",1.5769411833714e-26,0.999999999962565,3.7434836505174e-11,3.32530799644767e-19,2,"S009-179","C",0.999999999962565
"DI18R07p09.G11",0.99999990195206,1.13126799630137e-33,9.8047939785979e-08,8.49499663703227e-57,1,"S005-7","A",0.99999990195206
"DI18R07p09.G12",0.999944451929199,1.56133559829926e-24,5.55480708008331e-05,1.04843677357784e-47,1,"S005-44","A",0.999944451929199
"DI18R07p09.H01",4.42946766204919e-09,9.45852285350049e-10,0.99999999462468,9.88366474064748e-33,3,"S009-124","B",0.99999999462468
"DI18R07p09.H02",3.38179063044327e-35,1,5.18089911647057e-16,1.61526670736264e-19,2,"S010-157","C",1
"DI18R07p09.H03",0.999964559974878,1.06028362503201e-25,3.54400251221983e-05,9.46225670447759e-46,1,"S005-35","A",0.999964559974878
"DI18R07p09.H04",6.53406832748966e-48,7.61826604533403e-27,1.89702374595105e-30,1,4,"S011-10","D",1
"DI18R07p09.H05",1.01233264629383e-51,3.50296025910429e-32,2.47098882612082e-34,1,4,"S011-17","D",1
"DI18R07p09.H06",0.999129032614876,1.14911405565396e-25,0.00087096738512399,1.95555825761726e-50,1,"S007-45","A",0.999129032614876
"DI18R07p09.H07",0.0473317491103978,7.40992145179474e-26,0.952668250889602,2.42723100267579e-42,3,"S004-75","B",0.952668250889602
"DI18R07p09.H09",5.41840906925171e-21,0.99999986681556,1.33184439486696e-07,1.00312310793083e-15,2,"S003-190","C",0.99999986681556
"DI18R07p09.H10",0.999733003853185,2.3761043345887e-25,0.000266996146815072,6.02407431173637e-45,1,"S007-19","A",0.999733003853185
"DI18R07p09.H11",2.86961108638982e-52,1,3.5010011218537e-24,2.52850455056344e-29,2,"S007-125","C",1
"DI18R07p10.A01",0.999999999993577,2.25969191224764e-31,6.42338424664226e-12,4.23299674383421e-69,1,"S007-7","A",0.999999999993577
"DI18R07p10.A02",4.36536592655824e-05,7.214285167545e-10,0.999956345619306,2.00445042649064e-18,3,"S003-97","B",0.999956345619306
"DI18R07p10.A03",0.0508304244120428,3.50946258688968e-10,0.949169575237011,3.63267205711338e-19,3,"S010-78","B",0.949169575237011
"DI18R07p10.A04",3.81073177472465e-27,0.999999999979531,2.04692875266291e-11,4.70982182937608e-28,2,"S010-137","C",0.999999999979531
"DI18R07p10.A05",0.999148022613612,2.37294107939984e-28,0.000851977386388012,2.96932919426202e-46,1,"S009-62","A",0.999148022613612
"DI18R07p10.A06",0.96408180497653,2.51034894467363e-24,0.0359181950234704,1.23728319064534e-43,1,"S005-64","A",0.96408180497653
"DI18R07p10.A07",0.145330237792207,3.59883192467541e-10,0.85466976184791,6.88780937184344e-18,3,"S010-82","B",0.85466976184791
"DI18R07p10.A08",0.999960584968849,1.08829781986857e-27,3.94150311511963e-05,1.53714568151704e-45,1,"S005-36","A",0.999960584968849
"DI18R07p10.A09",0.905205051668813,8.81093939724936e-19,0.0947949483311873,2.50073737131275e-40,1,"S009-94","A",0.905205051668813
"DI18R07p10.A10",1.22322335777794e-50,1,6.25927486841292e-26,5.34247592594914e-31,2,"S007-137","C",1
"DI18R07p10.A11",0.999999999632407,2.16218301476908e-29,3.67592658378571e-10,7.97481646918207e-66,1,"S003-9","A",0.999999999632407
"DI18R07p10.A12",2.11067214898743e-13,0.999963242205449,3.67577943403626e-05,6.19770498753874e-30,2,"S003-174","C",0.999963242205449
"DI18R07p10.B01",6.82984851636185e-50,1,5.27289378008682e-26,1.08474899218773e-26,2,"S007-132","C",1
"DI18R07p10.B02",1.54065410612821e-53,1.36417164003273e-34,1.41340849033877e-34,1,4,"S011-27","D",1
"DI18R07p10.B03",8.28462683534286e-14,1.50379267849744e-09,0.999999998496124,4.62832907892807e-31,3,"S009-121","B",0.999999998496124
"DI18R07p10.B04",4.38759387695774e-27,0.999999998405281,1.59471928770481e-09,4.46290818466905e-19,2,"S007-89","C",0.999999998405281
"DI18R07p10.B05",2.40338301268938e-16,0.00355075180597308,0.996449248194027,7.35150792662362e-18,3,"S009-141","B",0.996449248194027
"DI18R07p10.B06",0.0551270220689832,1.07577388018742e-26,0.944872977931017,3.96322100954584e-46,3,"S004-19","B",0.944872977931017
"DI18R07p10.B07",4.32132851815557e-05,5.08865249993873e-13,0.99995678671431,9.28734343123208e-42,3,"S005-149","B",0.99995678671431
"DI18R07p10.B08",0.999999989166428,1.94836962613993e-32,1.08335720770546e-08,4.6994196019462e-60,1,"S005-3","A",0.999999989166428
"DI18R07p10.B10",0.929244462112885,2.28036995126481e-21,0.070755537887115,6.20057673242991e-40,1,"S007-40","A",0.929244462112885
"DI18R07p10.B11",1.78836745305428e-32,1,2.55955312938941e-16,2.23985010750627e-27,2,"S009-199","C",1
"DI18R07p10.B12",1.01923362355047e-33,1,1.25983787618539e-18,2.47713236323518e-19,2,"S006-188","C",1
"DI18R07p10.C01",0.998365663250017,8.35297228112371e-27,0.00163433674998308,1.86340384494668e-44,1,"S006-28","A",0.998365663250017
"DI18R07p10.C03",6.46452534257022e-31,0.999999999997146,2.8540572023121e-12,1.39825239872121e-20,2,"S007-109","C",0.999999999997146
"DI18R07p10.C04",0.999999947540615,3.61154232991301e-25,5.24593853792705e-08,4.48176816343961e-61,1,"S005-1","A",0.999999947540615
"DI18R07p10.C05",0.999999996876257,5.15068576203377e-29,3.12374276816088e-09,7.1022641957054e-65,1,"S003-20","A",0.999999996876257
"DI18R07p10.C06",0.999999999926409,6.90842467185113e-22,7.35912839164009e-11,3.03051788941792e-47,1,"S003-4","A",0.999999999926409
"DI18R07p10.C07",0.000338411543803477,5.17634929199164e-27,0.999661588456196,2.58505153185184e-45,3,"S004-78","B",0.999661588456196
"DI18R07p10.C08",0.999995907805255,1.35053718527456e-31,4.09219474516765e-06,1.69684754900115e-54,1,"S009-46","A",0.999995907805255
"DI18R07p10.C10",3.11574562853587e-46,1,1.08229122823173e-25,2.65229796709642e-28,2,"S010-171","C",1
"DI18R07p10.C11",0.999978988772312,2.43360804617452e-30,2.101122768783e-05,1.12217384113069e-49,1,"S005-5","A",0.999978988772312
"DI18R07p10.C12",1.58942764142748e-43,2.21203577624555e-10,2.1453596569638e-26,0.999999999778797,4,"S011-52","D",0.999999999778797
"DI18R07p10.D01",1.8528793118891e-29,0.999999999999977,2.30206868623062e-14,9.75801471257222e-30,2,"S009-193","C",0.999999999999977
"DI18R07p10.D02",0.000259210040920126,9.25436394766919e-30,0.99974078995908,3.93919595627775e-45,3,"S004-63","B",0.99974078995908
"DI18R07p10.D03",2.77360958377054e-27,0.999999999987513,1.24866983811412e-11,4.31905367626974e-23,2,"S003-189","C",0.999999999987513
"DI18R07p10.D04",0.989842757276584,1.5668232694989e-23,0.0101572427234163,1.81481596723174e-44,1,"S007-44","A",0.989842757276584
"DI18R07p10.D05",0.999999709532812,4.94640811502793e-34,2.90467187605596e-07,4.11928894785996e-53,1,"S005-29","A",0.999999709532812
"DI18R07p10.D07",0.996695865551277,3.18794022214288e-24,0.00330413444872273,1.90370363096463e-43,1,"S009-78","A",0.996695865551277
"DI18R07p10.D08",1.24663109266459e-11,4.32723155215932e-21,0.999999999987534,9.07460351781856e-36,3,"S004-114","B",0.999999999987534
"DI18R07p10.D09",0.999999245953778,4.52057738025376e-32,7.5404622200359e-07,2.03073294297654e-50,1,"S005-31","A",0.999999245953778
"DI18R07p10.D10",4.38004708304472e-15,0.999633637007292,0.000366362992703653,2.25498576154329e-20,2,"S003-194","C",0.999633637007292
"DI18R07p10.D11",6.43494559100006e-40,1,1.61070679457977e-18,1.76134536874259e-32,2,"S007-124","C",1
"DI18R07p10.D12",0.499132286555713,7.74667884544356e-14,0.500867713444209,1.92782455496946e-26,3,"S010-52","B",0.500867713444209
"DI18R07p10.E01",6.35140937126847e-25,0.999999994934287,5.06571290236984e-09,7.19867107297044e-26,2,"S009-191","C",0.999999994934287
"DI18R07p10.E02",3.18117773743707e-05,3.37911084212208e-25,0.999968188222626,5.85377714901115e-45,3,"S004-95","B",0.999968188222626
"DI18R07p10.E03",0.984157401726509,2.22747101236434e-22,0.0158425982734913,1.02708940700397e-47,1,"S007-67","A",0.984157401726509
"DI18R07p10.E04",4.66923377541407e-10,2.84242850620445e-05,0.999971575248015,1.53368530235826e-30,3,"S006-131","B",0.999971575248015
"DI18R07p10.E05",0.999999220523439,5.04072674563494e-23,7.79476561344953e-07,6.55747952533727e-50,1,"S003-29","A",0.999999220523439
"DI18R07p10.E06",8.7516977115213e-24,0.999999997550908,2.44909212851871e-09,1.90256291043651e-17,2,"S007-99","C",0.999999997550908
"DI18R07p10.E07",6.70553290885881e-35,0.999999999999268,7.31868471952843e-13,3.53811221783106e-22,2,"S007-121","C",0.999999999999268
"DI18R07p10.E08",1.96901611092798e-17,0.999997067461739,2.93253819659013e-06,6.40725109785888e-14,2,"S005-183","C",0.999997067461739
"DI18R07p10.E09",3.84410881517386e-21,2.21204450084886e-10,6.30877096787564e-09,0.999999993470025,4,"S011-9","D",0.999999993470025
"DI18R07p10.E10",3.51055541773538e-07,2.97422642137652e-16,0.999999648944458,2.44053244345646e-31,3,"S004-134","B",0.999999648944458
"DI18R07p10.E11",1.16539479551644e-05,2.79679079636622e-25,0.999988346052045,1.38426076888576e-44,3,"S004-85","B",0.999988346052045
"DI18R07p10.E12",0.998439842181696,5.78269373415403e-26,0.00156015781830384,4.40422438205946e-47,1,"S007-54","A",0.998439842181696
"DI18R07p10.F01",0.000221837585735238,1.49656554458076e-07,0.999778012757707,3.75844998177517e-15,3,"S006-61","B",0.999778012757707
"DI18R07p10.F02",7.42238349549395e-12,3.1835046886199e-08,0.999989720320949,1.02478365821541e-05,3,"S011-6","B",0.999989720320949
"DI18R07p10.F04",0.943881384184551,2.97206576133905e-21,0.056118615815449,1.31070897004956e-44,1,"S007-63","A",0.943881384184551
"DI18R07p10.F05",4.79436529025424e-11,3.38744881335369e-07,0.999999661207174,1.1039753871589e-15,3,"S010-94","B",0.999999661207174
"DI18R07p10.F06",1.54051091615102e-12,0.999949843081584,5.01569168755981e-05,3.79552901574835e-24,2,"S003-169","C",0.999949843081584
"DI18R07p10.F07",9.17922078957695e-10,1.01036780079401e-09,0.99999999807171,6.46565155517012e-25,3,"S009-128","B",0.99999999807171
"DI18R07p10.F08",1.02008505742001e-19,0.999819979057747,0.00018002094222146,3.12844592316447e-14,2,"S006-93","C",0.999819979057747
"DI18R07p10.F09",2.61239303826573e-33,1.20216531540937e-05,7.01621739470448e-14,0.999987978346776,4,"S011-39","D",0.999987978346776
"DI18R07p10.F10",0.999998234490142,4.75458264031389e-33,1.76550985770053e-06,1.18098003870946e-52,1,"S009-31","A",0.999998234490142
"DI18R07p10.F11",4.2072734058267e-11,3.39755649831334e-06,0.999996602401429,3.46114072430715e-38,3,"S005-167","B",0.999996602401429
"DI18R07p10.F12",1.5318444133826e-31,0.99999999999715,2.85014767905186e-12,5.90084866395429e-20,2,"S007-84","C",0.99999999999715
"DI18R07p10.G01",0.938523822944322,1.61016650461723e-20,0.0614761770556782,7.93122573579727e-44,1,"S009-96","A",0.938523822944322
"DI18R07p10.G02",0.999480172673818,3.96961911665497e-28,0.00051982732618253,1.93714627377298e-47,1,"S009-64","A",0.999480172673818
"DI18R07p10.G03",1.57321207939886e-05,5.52555703826807e-11,0.999984267817523,6.42700593806771e-12,3,"S006-52","B",0.999984267817523
"DI18R07p10.G04",2.08685661004241e-25,0.999999994669278,5.33072125120263e-09,2.84358283465947e-16,2,"S007-75","C",0.999999994669278
"DI18R07p10.G05",0.999999985221649,4.0834941733552e-28,1.47783509133624e-08,2.25508817883206e-63,1,"S003-13","A",0.999999985221649
"DI18R07p10.G06",4.65564336782573e-39,1,5.77513456829665e-20,9.10858189235229e-27,2,"S009-244","C",1
"DI18R07p10.G07",5.40978597377096e-23,0.999999999811936,1.88064229654507e-10,1.59074068556241e-20,2,"S010-143","C",0.999999999811936
"DI18R07p10.G08",7.67827426927897e-35,3.42131362954866e-20,3.77258368187444e-23,1,4,"S011-34","D",1
"DI18R07p10.G09",1.26720918132411e-16,0.999999505035661,4.9496433862222e-07,4.54199971168992e-19,2,"S005-181","C",0.999999505035661
"DI18R07p10.G10",5.76469403799841e-29,0.999999999995522,4.47821884997025e-12,8.61300432952258e-18,2,"S010-149","C",0.999999999995522
"DI18R07p10.G11",2.62722464957158e-48,1,1.29035901108711e-19,6.47509100006609e-21,2,"S004-226","C",1
"DI18R07p10.G12",8.88000724904918e-10,2.78898629272315e-10,0.999999998833101,4.63501893399956e-24,3,"S006-68","B",0.999999998833101
"DI18R07p10.H01",0.990517827562088,2.10545447243377e-27,0.00948217243791192,7.92803926328097e-45,1,"S010-7","A",0.990517827562088
"DI18R07p10.H02",4.55671190709093e-35,1,1.04158948869442e-18,5.68923121448529e-30,2,"S009-229","C",1
"DI18R07p10.H03",0.999999999998631,9.33332430632012e-33,1.36926378014079e-12,1.33291784669776e-68,1,"S007-10","A",0.999999999998631
"DI18R07p10.H04",1.40510819557499e-33,1,1.89648670963404e-18,4.34375750838598e-23,2,"S010-184","C",1
"DI18R07p10.H05",0.189204830338073,1.13979767298945e-19,0.810795169661927,1.87395782126142e-44,3,"S007-68","B",0.810795169661927
"DI18R07p10.H06",1.49311312603579e-10,0.773449572327299,0.226550427523389,1.05191112412466e-24,2,"S006-132","C",0.773449572327299
"DI18R07p10.H07",1.4545366637144e-16,0.999999490451285,5.09548713752079e-07,5.78782211356074e-16,2,"S003-192","C",0.999999490451285
"DI18R07p10.H08",0.99954640683648,1.42506503341147e-22,0.000453593163519737,1.53141446875984e-46,1,"S005-62","A",0.99954640683648
"DI18R07p10.H09",4.29049410736597e-24,0.999999999720468,2.79530894620332e-10,9.72602789508222e-16,2,"S010-142","C",0.999999999720468
"DI18R07p10.H10",3.42132673206483e-29,0.999999998762512,1.19522459011128e-09,4.22637545301143e-11,2,"S010-108","C",0.999999998762512
"DI18R07p10.H11",0.999651028661985,7.59302849125325e-27,0.00034897133801505,1.13080488633774e-45,1,"S005-47","A",0.999651028661985
